<?xml version="1.0" encoding="UTF-8"?>
<project-private xmlns="http://www.netbeans.org/ns/project-private/1">
    <editor-bookmarks xmlns="http://www.netbeans.org/ns/editor-bookmarks/2" lastBookmarkId="0"/>
    <open-files xmlns="http://www.netbeans.org/ns/projectui-open-files/2">
        <group>
            <file>file:/C:/Users/Joshua/CS4700-Project1-Kettlehake/Movies.txt</file>
            <file>file:/C:/Users/Joshua/CS4700-Project1-Kettlehake/src/cs4700/project1/kettlehake/CS4700Project1Kettlehake.java</file>
            <file>file:/C:/Users/Joshua/CS4700-Project1-Kettlehake/RAqueries.txt</file>
            <file>file:/C:/Users/Joshua/CS4700-Project1-Kettlehake/Actors.txt</file>
            <file>file:/C:/Users/Joshua/CS4700-Project1-Kettlehake/Play.txt</file>
        </group>
    </open-files>
</project-private>
